Processo;Código do Cliente;Cliente;Data Bal.;Geração média de caixa;Último Balanço > 1460 dias;ROB para data base;Soma 3 últimos Lucros Líquidos ;Patrimônio Líquido - Última DF;Risco;Dívida Líquida / Ebitda;Dívida / ROB;Dívida;Aplicações de Liquidez Imediata;Nível BACEN;Possui Audit.Externa?;Audit. Big 4
301222;194481;VMI SISTEMAS DE SEGURANCA LTDA;42369;15811200,67;Não;64267131;45503278;35399758;B ;0,809632337;0,125293566;542545,3462;1166556;B ;N;NULL
314900;76675;SANKHYA JIVA TECNOLOGIA E INOVACAO LTDA;42369;3406309,993;Não;43658059,47;9760290,09;6409570,42;AA;-0,007532705;0,050890285;1752637,749;2281422,25;AA;N;NULL
315414;243154;PORTO MINEIRO DE GRAOS ARMAZENS GERAIS LTDA;42369;1304300,666;Não;76517470,68;2561363,659;5865465,17;A ;0,755096435;0,065671631;946886,7208;2330406,3;A ;N;NULL
316220;347791;MIB - MINERACAO IBIRITE LTDA;42369;48955936,88;Não;77040316,69;112418304,2;26317086,76;A ;0,508548022;0,167471233;6412678,252;125000,01;A ;N;NULL
316280;289985;CASA MATTOS LTDA;42369;1661348,367;Não;62858053,14;4360515,38;9198441,64;A ;0,602346506;0,046938006;2376248,828;1281387,81;A ;N;NULL
316863;190729;EMPRESA DE TRANSPORTES APOTEOSE LTDA;42369;99609,8533;Não;48105430,11;298829,56;38904488,92;C ;7,823469998;1,016529423;34952467,35;8400038,82;C ;N;NULL
317479;251233;TECHMEDICAL IMPORTACOES E COMERCIO LTDA;42369;7584096,477;Não;34229588,97;22752289,43;-3911780,46;A ;0,90155166;0,475484577;5628659,711;458048,54;A ;N;NULL
317864;412199;MULT MINAS INDUSTRIA E COMERCIO DE FERTILIZAN;42369;3015136,773;Não;31830000;8857319,5;8345460;A ;0,04132164;0,010667295;31697,75;5000;A ;S;N
318192;56268;JARBAS CORREA FILHO & CIA LTDA;42369;2427878,883;Não;82574846;6111500;9452958;A ;0,160806096;0,011340948;883107,3685;126374;A ;N;NULL
318421;408720;BEMISA HOLDING S.A.;42735;-41842666,67;Não;47827000;-132713000;77813000;NULL;-2,490276739;0,355238673;Não possui balanço cadastrado;10331000;NULL;S;
318689;316756;CENTRAL DE ARTIGOS PARA LABORATORIOS LTDA;42369;644937,09;Não;37103489,76;1056245;3473003,73;B ;1,586841095;0,067017294;1064485,92;0;B ;N;NULL
318945;33612;CLIN OFF DO BRASIL S.A.;42369;303284;Não;37375605;572767;1978096;B ;4,627291026;0,24481706;4184081,462;0;B ;S;N
319032;303129;CIALA DA AMAZONIA REFINADORA DE METAIS LTDA;42369;8615653,807;Não;80663622,4;25616712,94;37152862,33;A ;2,347149205;0,397565514;10069461,32;663772,3;A ;N;NULL
320012;261675;SUPREMA SERVICOS INDUSTRIAIS LTDA;42735;9974180,333;Não;53290541;18974142;23521261,95;B ;1,789239827;0,371011547;6797880,701;0;B ;N;NULL
320158;516748;REAL GUINDASTES E EQUIPAMENTOS LTDA;42369;32979767,72;Não;72630487,91;42243423,41;108186600;B ;-0,129960935;0,071589459;5188311,115;9118021,2;B ;N;NULL
320453;1420;VIACAO PASSARO VERDE LTDA;42369;-919913,5067;Não;75685185;-2759740,52;27980986;E ;15,52171665;0,473089733;12065322,76;0;E ;N;NULL
320993;739363;CULTURA AGRONEGOCIOS LTDA;42369;1988350;Não;48327609;4790824;2026051,45;B ;-9,488221823;0,254373469;648836,4434;395743;B ;S;N
322145;5415;GECAL INDUSTRIA E COMERCIO DE PRODUTOS MINERA;42369;6286644,05;Não;54991357,98;12869940,87;24404680,35;A ;1,584871954;0,302021743;10045144,22;0;A ;N;NULL
322471;41000;RESMA COMERCIO DE PAPEIS LTDA;42735;83618,2467;Não;31409498,68;57292,63;1728847,12;C ;4,771650162;0,108796106;1297080,911;49329,74;C ;N;NULL
322741;241168;IMBALLAGGIO LTDA;42735;1117832,437;Não;43980658,96;1531002,79;3622238,93;B ;1,983266893;0,089914624;2781205,129;0;B ;N;NULL
322763;245463;FORNAC FUNDICAO DE ACOS ESPECIAIS LIMITADA;42735;2101216,553;Não;67479759,16;2585212,95;11389439,22;B ;1,225654007;0,112114148;2120428,33;0;B ;N;NULL
323156;624394;TRANSPORTES NIQUINI LTDA;42735;1772449,737;Não;40930528,6;-609498,66;7291606,24;C ;1,50542028;0,09732522;2789039,653;0;C ;N;NULL
323177;269512;SUPERMERCADO PILAR LTDA;42369;2098643,76;Não;58630543,43;6354220,33;11042801,64;AA;-0,251487631;0;Não possui balanço cadastrado;1006723,06;AA;N;NULL
323447;410733;TRANSREFER TRANSPORTE E LOGISTICA LTDA;42735;2341522,48;Não;37678863,43;2397544,5;552135,67;B ;2,612556232;0,281975711;9451098,046;45,31;B ;N;NULL
323689;507860;CAFE BRASIL IND. COM. .EXPORT. LTDA;42735;6625319,32;Não;50286722,03;16822018,92;1729009,24;B ;2,475855658;0,646774665;11418712,72;2079538,96;B ;N;NULL
324017;319764;CASA CRUZEIRO VEICULOS LTDA;42735;286329,33;Não;39285032,62;479465,98;3119195,53;E ;6,375256012;0,356419254;1049154,991;0;E ;N;NULL
324020;404549;SEVIMOL INDUSTRIA E COMERCIO DE FERRO E ACO L;42735;1573982,183;Não;59175986,52;4036469,68;11187602,18;C ;0,772775241;0,033673306;127663,4293;155,6;C ;N;NULL
324055;313;LABTEST DIAGNOSTICA S/A;42735;2873666,667;Não;70529000;-2898000;26317000;C ;2,754979602;0,359341547;7389734,17;2384000;C ;S;S
324189;378603;INDEPE - INHAPIM DERIVADOS DE PETROLEO LTDA;42735;2311256,63;Não;44537683,87;5399110,65;3885742,94;C ;2,129232947;0,150429224;2203370,32;0;C ;N;NULL
324486;420993;TERRABEL EMPREENDIMENTOS LTDA;42735;19418497,47;Não;54231963,1;28674344,46;46971293,36;D ;1,416759065;0,810057789;38373739,47;369392,06;D ;N;NULL
324806;437829;MARCA AGRO MERCANTIL LTDA;42735;1840094,863;Não;75336485,96;4657480,84;5811030,98;B ;4,584551239;0,218210344;621771,6059;0;B ;N;NULL
325171;404549;SEVIMOL INDUSTRIA E COMERCIO DE FERRO E ACO L;42735;1573982,183;Não;59175986,52;4036469,68;11187602,18;C ;0,772775241;0,033673306;127663,4293;155,6;C ;N;NULL
325172;215836;LATICINIOS CRUZILIENSE LTDA;42735;1139699,39;Não;46635391;1650189,72;1011109;B ;1,749695552;0,165166432;650684,8083;0;B ;N;NULL
325665;194550;LABORATORIO GLOBO LTDA;42735;6428401,567;Não;66794604,57;9613574,46;62211340,66;C ;1,032715485;0,079266778;4842700,884;220555,7;C ;N;NULL
326057;34222;COOPERATIVA AGROPECUARIA VALE DO RIO VERDE;42735;1005447,58;Não;46170489,32;910125,9;3311375,59;C ;3,811262567;0,196940846;2422185,721;1687513,74;C ;S;N
326075;440925;CERTO DISTRIBUICAO LTDA;42735;1636052,497;Não;62198266,13;4158551,56;1965538,35;B ;4,926014289;0,040949169;1101805,687;137000;B ;N;NULL
326109;313;LABTEST DIAGNOSTICA S/A;42735;2873666,667;Não;70529000;-2898000;26317000;C ;2,754979602;0,359341547;7389734,17;2384000;C ;S;S
326155;331531;LC INDUSTRIA ELETRONICA LTDA;42735;2695951,2;Não;43775920,13;8087853,6;11637299,06;C ;2,588775072;0,1475494;2503521,612;0;C ;N;NULL
326258;464561;LATARINI & PERES LTDA;42735;1478566,867;Não;56500319,49;540663,7;5571306,63;C ;0,929946639;0,114550966;2192032,646;381071,35;C ;N;NULL
326618;131306;PROQUALIT TELECOM LTDA.;42735;-13527,6667;Não;84634984;-2083454;9959624,49;C ;2,255362582;0,185135151;2375152,749;0;C ;N;NULL
326740;522384;SEMEP LOGISTICA E CONSTRUCAO LTDA;42735;5316102,91;Não;52432941,07;9395255,86;20783891,98;C ;1,751017661;0,160767446;7709050;7110,43;C ;N;NULL
326799;341891;COMERCIO IND. DE MALHAS E CROCHE DAMATA LTDA;42735;2370984,123;Não;36236907,33;5130539,51;8961047,3;D ;1,574593251;0,408066836;8659842,74;1138,39;D ;N;NULL
327356;626552;SIGMA ACO TUBOS E PERFILADOS LTDA;42735;1940433,74;Não;42843537,07;4070300,4;19263972,25;C ;0,654635585;0,063016625;1368741,985;947103,17;C ;N;NULL
327425;329077;COOPERATIVA DOS CAFEICULTORES DO CERRADO DE A;42735;-589000;Não;75811000;-3146000;21440000;C ;268,2783505;0,44244239;5016779,207;7519000;C ;S;N
327529;376006;COOP REG. DOS CAFEIC. VALE DO RIO VERDE LTDA;42735;1954558,307;Não;89582719;4090412,94;19993731;B ;4,774076048;0,389460405;4081260;9977311;B ;N;NULL
327542;352076;COOP MISTA AGROPEC. PARAGUACU LTDA;42735;2644144,907;Não;83110281,42;7125062,04;12591759,66;B ;2,242495203;0,319503069;4471227,5;9223134,92;B ;N;NULL
327558;288297;COOP. PROD. LEITE DE IRAI DE MINAS LTDA;42735;808679,5767;Não;48656940;1963515,39;3546684;C ;1,810343367;0,080996051;385320;1057000;C ;N;NULL
327731;30834;MAQUINE EMPREENDIMENTOS S.A.;42735;1821615,667;Não;43910384;-639680;17884417;B ;0,263103823;0,053633532;2368480;1819824;B ;N;NULL
327835;33055;CLAMPER INDUSTRIA E COMERCIO S/A;42735;4676000;Não;38038000;9593000;8368660;NULL;1,557638857;0,358834324;8312974,04;20000;NULL;S;
328185;238798;BEST PULP BRASIL LTDA.;42735;8245882,797;Não;39027792,82;23505374,1;30034877,88;AA;-0,529540423;0,057738203;1542438,93;6408740,78;AA;N;NULL
328265;170882;TEIXEIRA E CHAVES LTDA;42735;1615211,917;Não;51662842,19;4214237,37;16099505,52;C ;4,14421121;0,201691976;4932451,79;885048,85;C ;N;NULL
328283;423309;PRODUTOS FARMACEUTICOS BORGES LTDA;42735;2158970,517;Não;88661064,22;4061570,77;5967044,76;B ;0,242330611;0,009433453;75700;1966,51;B ;N;NULL
328644;315090;UP BRASIL - POLICARD SYSTEMS E SERVICOS S.A.;42735;9613000;Não;67298000;5094000;21409000;A ;-33,53164557;0,202888645;3871536,921;24250000;A ;S;S
328738;338812;FESTCOLOR ARTIGOS DE FESTAS LTDA.;42735;7521110,647;Não;60787403,31;20659899,1;26717704,05;AA;-0,083301705;0,093954005;4767811,81;6828808,2;AA;N;NULL
329013;131718;JUVENIL SUPERMERCADOS EIRELI;42735;2424367,393;Não;35062483,27;5877569,64;7506437,28;B ;1,348200003;0,224058859;4410758,09;526012,84;B ;N;NULL
329021;295684;VICENTE PEDROSA & IRMAOS LTDA;42735;1830987,407;Não;66689111,46;4678920,85;6041330,92;B ;2,412473557;0,157504133;7684467,596;270451;B ;N;NULL
329303;418532;SDFLC BRASIL INDUSTRIA E COMERCIO LTDA;42735;16105615,53;Não;73761360,39;45870997,65;36014639,8;AA;-0,297557021;0,070527117;5193173,441;9527698,73;AA;N;NULL
329476;695390;CEI ENERGETICA INTEGRADA LTDA;42369;37931000;Não;66564000;104758000;130100000;AA;0,109978379;0,465717204;0;14926000;AA;S;N
330059;2933;PAPI TEXTIL LTDA;42735;912591,8723;Não;47673209,56;1753862,747;6562821,6;A ;3,55660374;0,280501086;4021922,433;0;A ;N;NULL
330304;740069;LATICINIOS SABOR DE MINAS LTDA;42735;939324,24;Não;35367330,07;2817972,72;11255585,24;A ;-0,507712198;0,013990313;421500;1120658,67;A ;N;NULL
330308;282761;ENSEL ENGENHARIA E SERVICOS ESPECIAIS LTDA;42735;947534,3433;Não;35017714,28;1804674,68;2904879,89;C ;1,735737915;0,186000718;3055140;1840348,49;C ;N;NULL
331012;31842;EMALTO INDUSTRIA MECANICA LTDA;42735;6209311,073;Não;39672530;12927877,22;63349896;A ;-3,787093019;0,447719543;13644220;28725006;A ;S;N
331530;563;COMPANHIA FABRIL MASCARENHAS;42735;1741666,667;Não;63806000;2469000;13737000;A ;1,823517256;0,138294204;5153167,81;0;A ;N;NULL
331808;112241;QUEIROZ E CASTRO LTDA;42735;398353,7;Não;64582092,4;134563,35;2517543,19;D ;1,587434681;0,042904928;492640;0;D ;N;NULL
332338;30359;MODULO EMBALAGENS INDUSTRIA E COMERCIO LTDA;42735;616886,4967;Não;38130846,49;-112662,51;4141853,97;A ;1,21575095;0,068561317;1234703,2;0;A ;N;NULL
332743;247426;DETRONIC DESMONTES E TERRAPLENAGEM S/A;42735;7735325,023;Não;62837915,29;1278633,64;19880529,46;C ;1,734349037;0,269367258;14214090,61;2121,94;C ;N;NULL
332799;405761;CONENGE MANUTENCAO E MONTAGEM INDUSTRIAL LTDA;42735;5044855,23;Não;81473613,37;10642269,92;669740,26;C ;1,420977497;0,140117238;683729,09;99459,62;C ;N;NULL
332994;33521;CAMPO BOM IND. COM. IMP. EXP. LTDA;42735;1676870,963;Não;54219167,5;4945257,6;4401718,14;A ;0,861918876;0,105370854;4893648,45;1845329,72;A ;N;NULL
333100;269512;SUPERMERCADO PILAR LTDA;42735;2317336,93;Não;65157811,99;10943057,77;12581311,06;AA;0,110040112;0,006496094;317001,5031;0;AA;N;NULL
333177;6993;EMPRESA UNIDA MANSUR & FILHOS LTDA;42735;6835944,247;Não;51388244,36;1532639,93;10358183,34;C ;1,633457061;0,213328167;9735430;653304,84;C ;N;NULL
333519;162707;EMPAC EMPRESA DE ARTEFATOS DE CONCRETO LTDA;42735;1719805,09;Não;46163841,24;3558913,53;2251505,1;A ;-78,05447862;0,052244341;286690;8058685,84;A ;N;NULL
333581;69749;SP QUEIROZ COMERCIO E INDUSTRIA LTDA;42735;1370921,063;Não;53292835,98;1305383,42;-5215952,11;B ;2,689229778;0,2270763;4731873,93;202517,21;B ;N;NULL
334298;183753;COOPERATIVA DE LATICINIOS VALE DO MUCURI LTDA;42735;490661,9467;Não;70696728,21;1471985,84;12011533,12;B ;1,482788638;0,058538482;3246526,167;1201051,43;B ;N;NULL
334422;473661;SIER MOVEIS LTDA;42735;1602881,513;Não;70965425,2;1220504,54;20816624,03;B ;-0,337296704;0,025410857;1622529,101;2840006,63;B ;N;NULL
334477;30791;LIMPEBRAS ENGENHARIA AMBIENTAL LTDA;42735;2709550,25;Não;86012264,53;10091531,03;23556287,59;B ;3,974347459;0,10676489;3284590;0;B ;N;NULL
334531;412199;MULT MINAS INDUSTRIA E COMERCIO DE FERTILIZAN;42735;7087429,177;Não;52099000;20611544,61;14763880;AA;-0,010767616;0,00975297;31697,1597;662000;AA;S;N
334918;342459;EMIVE PATRULHA 24 HORAS LTDA;42735;18171353,28;Não;58576955,66;53226166,2;34385631,16;A ;1,04677258;0,403046864;2141355,33;526929,23;A ;N;NULL
335838;391189;FORTUCE & FORTUCE LTDA;42735;4133813,8;Não;41137318,12;3107552,34;1282437,36;C ;2,102379132;0,185309347;5390869,661;376447,54;C ;N;NULL
335839;54652;SUPERMERCADO DALILA LTDA.;42735;813368,31;Não;32181783,88;2089762,08;2912597,18;B ;0,804260129;0,053284181;441900;0;B ;N;NULL
336090;705449;BARATAO DA CONSTRUCAO LTDA;42735;1890968,03;Não;37810475,54;3408852,21;7994798,81;B ;0,506034503;0,103837361;692630;0;B ;N;NULL
336487;669105;SOMA ALIMENTOS DO BRASIL EIRELI;42735;136371,79;Não;45519459,92;409115,37;-105433,68;C ;2,290543428;0,029781329;377755,85;0;C ;N;NULL
336553;548196;PALIMONTES COMERCIO E SERVICOS LTDA;42735;2471259,52;Não;42457338,22;7413778,56;15971464,57;C ;5,249965141;0,248236476;84320;0;C ;N;NULL
336656;183801;LATICINIOS VITORIA LTDA;42735;2378031,217;Não;46368231,49;6625850,14;16434827,3;AA;-0,758863369;0,032098296;756200;4718481,38;AA;N;NULL
336773;54809;SQUADRA TECNOLOGIA S/A;42735;4678890,667;Não;39870170;13233888;23715093;A ;-0,146129603;0,120104981;4663950;5598432;A ;S;N
336845;1379;INCOMFRAL INDUSTRIA E COMERCIO DE FRALDAS LTD;42735;3693906,63;Não;59994999,03;5570865,83;22082038,51;A ;-1,819628848;0,000943912;53400;5757340,87;A ;N;NULL
336846;368573;HYDRAPAR AUTOMACAO INDL LTDA;42735;5115041,513;Não;45173696,12;14311910,31;13065764,19;B ;0,255589549;0,050540937;235421,3861;19671,34;B ;N;NULL
336869;806384;UNIMED SUDOESTE DE MINAS COOP. TRAB. MEDICO;42735;813859,3333;Não;34480373;2802909;8643105;B ;-5,452938606;0,004126579;40920;4197282;B ;S;N
336950;809380;MENEGUELI & GARCIA COM. EXP. DE CAFE LTDA;42735;1432343,797;Não;71379169,95;4274992,65;4405161,76;C ;6,171116504;0,202658983;0;17373,09;C ;N;NULL
337228;382224;FACIROLLI COMERCIO E REPRESENTACOES LTDA;42735;699763,1933;Não;78492600,36;1648684,33;1608937,49;C ;9,154764579;0,181512651;277290;1580985,55;C ;N;NULL
337495;804177;VIVA DISTRIBUIDORA DE ALIMENTOS EIRELI;42735;1004783,413;Não;43817472,82;3004140;2365959,12;B ;-2,440805821;0,000456439;Não possui balanço cadastrado;1190174,08;B ;N;NULL
337924;130738;LM - CAME INDUSTRIA E COMERCIO LTDA;42735;3510570,333;Não;53778641;10531711;11784896,15;A ;0,643781658;0,052537047;933300;0;A ;N;NULL
338198;403670;LUFIR COMERCIO E REPRESENTACAO LTDA;42735;357803,0933;Não;83453221,94;50522,58;6588816,97;B ;-13,17627174;0,075743369;4913330;0;B ;N;NULL
338239;635815;HOSPITAL ALBERT SABIN LTDA;42735;2232682,637;Não;75435049;803449,51;16371834;AA;0,444882205;0,159804894;2899660;7340405;AA;N;NULL
338564;253894;TDI MAQUINAS AGRICOLAS INDUSTRIA E COMERCIO L;42735;9391102,953;Não;32339940,23;28173308,86;48664354,29;AA;-0,389565865;0,02023937;625770;4665158,75;AA;N;NULL
338727;435892;CULTURA PRODUTOS AGRICOLAS LTDA;42735;862843,9733;Não;50650400,12;2349989,46;765375;B ;4,385656354;0,283108063;2018670,41;154562,63;B ;N;NULL
338918;239597;DOSANKO FRUTAS TROPICAIS LTDA;42735;1045605,473;Não;44858900,65;3136816,42;22595742,49;A ;0,868640847;0,13600467;3283790;1600322,99;A ;N;NULL
339005;342270;ALFAGOMMA DO BRASIL LTDA;43100;-12408000;Não;62243000;-41397000;-55078000;D ;-34,73105656;0,548190158;7609735,85;1578000;D ;S;S
339102;594979;MINAS DISTRIBUIDORA DE BEBIDAS LTDA;42735;161412,3233;Não;48778061,55;484236,97;954833,57;AA;0,071720921;0,015369564;35670;715676,06;AA;N;NULL
339658;739363;CULTURA AGRONEGOCIOS LTDA;42735;1263392;Não;53829754;2408297;1462662;B ;7,728906251;0,265731966;255138,2606;1939443;B ;S;N
339680;694696;DISTRIBUIDORA DE CARNES GRANDMINAS LTDA;42735;1097599,253;Não;44325544,14;3292797,76;2907223,76;B ;0,403655289;0,011864491;308920;0;B ;N;NULL
339990;254356;HOSPITAL SANTA GENOVEVA LTDA;42735;4973071,737;Não;86051217,16;7062184,85;36128385;C ;1,670894762;0,174958013;12757124,22;3784309;C ;S;N
340060;298221;COMERCIAL DE ALIMENTOS FIGUEIREDO E NEVES LTD;42735;417221,4033;Não;34250263,8;827074,19;1611956,24;A ;1,494434551;0,035964103;1222810;642794,77;A ;N;NULL
340517;284405;INDUSTRIA DE MILHO ANCHIETA S/A;42735;1361125,57;Não;64837976;2337297,1;9200061;A ;0,722378771;0,038118401;2471520;0;A ;N;NULL
340690;568843;JC RACOES E INSUMOS SIDERURGICOS LTDA;42735;5556579,71;Não;40195186,26;16669739,13;13859688,14;B ;0,148270378;0,05751833;1573240;477667,08;B ;N;NULL
340978;1334;DECORALITA INDUSTRIA E COMERCIO S/A;42735;-916402,27;Não;35909791;-3183432,9;-298371;C ;8,845585884;0,16097114;1413540,11;0;C ;N;NULL
341160;381556;COOP AGROP IND CONS DE PARAOPEBA LTDA;42735;535192,0833;Não;54512401,33;1523530,68;6765747,81;B ;3,242012477;0,054816334;392450;0;B ;N;NULL
341701;421384;BEL MICRO COMPUTADORES LTDA;42735;829873,4267;Não;67993540,66;2489620,28;1740513,91;B ;0,465628551;0,047663746;1196317,34;1450744,82;B ;N;NULL
341726;317344;NW ADMINISTRADORA LTDA;42735;1907917,92;Não;50512760,92;5030066,43;807030,18;C ;1,313870913;0,028529558;112680;245238,2;C ;N;NULL
341954;220554;TATE LYLE GEMACOM TECH INDUSTRIA E COMERCIO S;42735;689000;Não;79973000;-1927000;4296000;C ;-74,24495677;0,342353044;5181509,07;1616000;C ;S;S
342132;469786;DISTRIPACK DISTRIBUIDORA DE EMBALAGENS LTDA;42735;305449,6867;Não;43153817,71;82177,87;705986,98;C ;4,777548254;0,207497316;786549,71;53053,55;C ;N;NULL
342395;9336;MAXCOR INDUSTRIA DE ETIQUETAS LTDA;42735;7477448,06;Não;38359220,76;22432344,18;19795243,9;C ;0,545313602;0,144364768;2772590;20836,94;C ;N;NULL
342505;315600;FABRICA MINEIRA DE ELETRODOS E SOLDAS DENVER;42735;361854;Não;51773322;-506104;5503099,53;C ;4,530475231;0,132266082;4670528,904;32946;C ;N;NULL
342603;340279;NOVO METROPOLITANO S/A;42735;8766666,667;Não;85999000;26230000;38714000;B ;4,868156126;1,870986872;125521493,1;15350000;B ;S;S
343179;140284;CASA DE CARIDADE DE CARANGOLA;42735;1330491;Não;48257109;318506;9816022;C ;1,353861095;0,128666203;43070;3235494;C ;S;N
343183;186855;LAGOS INDUSTRIA QUIMICA LTDA;42735;10401944,64;Não;65452076,26;20906368,07;24229412,03;A ;-0,00807441;0,025690111;130530;1793952,54;A ;N;NULL
343193;310885;SOLVI PARTICIPAÇÕES S/A.;42735;130337666,7;Não;88082000;583555000;NULL;AA;118,4824553;#VALOR!;109193,4052;28617000;AA;S;S
343266;74162;IND MECANICA IRMAOS CORGOZINHO LTDA;42735;5309723,537;Não;33446010,96;7171640,92;19476428,23;B ;2,643994547;0,460641291;10022822,02;0;B ;N;NULL
343330;611442;MEDIAR TRADING EXPORTACAO LTDA;42735;-71393,8667;Não;33088702,14;-214181,6;204398,27;B ;-1,469030651;0,003705099;101700;0;B ;N;NULL
343452;776088;COOP DOS CAFEICULTORES DA REGIAO DE PINHAL;42735;591656,5467;Não;60930051,84;1774969,64;5762319,45;C ;10,08443787;0,259655853;0;1300067,84;C ;N;NULL
343902;182148;COMERCIAL PENA E LOPES LTDA;42735;583869,6667;Não;41701173;489322;4692581;C ;2,247872321;0,052694705;372103,36;473767;C ;N;NULL
343908;329230;TECH SHOP.COM.BR COM E SERV DE INFORM. LTDA;42735;659978,0633;Não;69586326,45;1848077,67;1813862,62;B ;2,592105429;0,104932655;1399717,58;0;B ;N;NULL
344209;347791;MIB - MINERACAO IBIRITE LTDA;42735;27167660;Não;61012455;51052689,59;30212908;B ;0,464356143;0,103537056;4656123,39;0;B ;N;NULL
344423;822739;BATUTA PRODUTOS ALIMENTICIOS LTDA;42735;1105562,84;Não;51899953,48;3308683,02;2935425,56;C ;0,385773978;0,020269768;1052000;107626,69;C ;N;NULL
345123;196023;FRIGORIFICO SABOR DE MINAS LTDA;42735;6079811,003;Não;76258711,1;15903398,87;11904987,87;AA;-0,378322136;0,015305137;1167150;3474872,02;AA;N;NULL
346063;399834;UNIMED DE SAO LOURENCO COOP. TRAB. MEDICO;42735;2353040,333;Não;63214712;6819359;10811618;AA;-0,469229024;0,009098989;0;2056394;AA;S;N
346161;228466;CENTRO OESTE IMPLEMENTOS PARA TRANSPORTES LTD;42735;1356433,583;Não;62874541,07;3092328,05;15247520,12;C ;3,750843343;0,121954789;907071,98;6346862,55;C ;N;NULL
346199;188530;SUPERMERCADO LIDER COUTO LTDA;42735;1285718,723;Não;77080445,28;2202427,56;9665632,68;B ;4,462627304;0,058483575;3559675,09;45000;B ;N;NULL
346602;272281;COMERCIAL KALU LTDA;42735;979392,06;Não;49605697,81;2132034,87;3749255,59;B ;0,370096148;0,015607481;328630;412391,5;B ;N;NULL
347071;826582;VALLOG TRANSPORTES E LOGISTICA LTDA;42735;134312,7833;Não;41210538,43;402938,35;-213370,41;C ;0,131456812;0,014430775;594700;0;C ;N;NULL
347229;828921;MERCOAVES COMERCIO DE AVES LTDA;42735;1646980,527;Não;41811211,75;4940941,58;3498421,48;B ;1,219642283;0,094443568;2663540;0;B ;N;NULL
347240;695390;CEI ENERGETICA INTEGRADA LTDA;42735;46292666,67;Não;64634000;127856000;156078000;A ;0,131378713;0,287170839;0;14089000;A ;S;N
348474;830396;SUPPLOG TRANSPORTES MULTIMODAIS LTDA;42735;10600054,51;Não;62400364;31797481,87;3061074,29;A ;0,276549475;0,074538988;39920;0;A ;N;NULL
348983;516610;MANOEL COELHO VEICULOS S/A;42735;219267,1433;Não;33188600,77;552684,33;586761,85;C ;10,5662126;0,158460432;1451980,51;0;C ;N;NULL
349100;582002;CELMINAS LTDA;42735;918447,9567;Não;42064312,27;395893,32;15966326,1;C ;2,826882879;0,19623214;7263600;238244,37;C ;N;NULL
349452;523073;MONTEPETRO DERIVADOS DE PETROLEO LTDA;42735;151757,44;Não;78604513,42;379244,41;821123,68;C ;3,008968875;0,04973035;0;0;C ;N;NULL
350060;337180;I.R INDUSTRIA E COMERCIO DE COUROS LTDA;42735;1864500,55;Não;32987166,61;5593501,65;4981199,5;AA;0,281632664;0,053958748;524430;0;AA;N;NULL
350223;330031;DISTRIVISA COMERCIO LOCACAO E SERVICOS S/A;42735;1383850,833;Não;30206997,29;4151552,5;4001274,62;B ;2,975566959;0,215272638;124620;2361,71;B ;N;NULL
351001;694696;DISTRIBUIDORA DE CARNES GRANDMINAS LTDA;42735;1097599,253;Não;44325544,14;3292797,76;2907223,76;B ;0,403655289;0,011864491;308920;0;B ;N;NULL
351143;327303;COMERCIAL SV LTDA;42735;1268565,507;Não;59160093,38;2749376,04;3587987,6;C ;0,36145879;0,015286825;232770;0;C ;N;NULL
351158;161192;ZOLLERN TRANSMISSOES MECANICAS LTDA;42735;2290826,567;Não;40668327,29;6872479,7;35122069,99;B ;0,381367323;0,023320605;944360;0;B ;N;NULL
351337;403670;LUFIR COMERCIO E REPRESENTACAO LTDA;42735;357803,0933;Não;83453221,94;50522,58;6588816,97;B ;-13,17627174;0,075743369;4913330;0;B ;N;NULL
352143;198079;CURUPIRA S.A;42735;4974931,33;Não;36801066,73;9869112,89;484036,34;A ;1,796783685;0,255303125;13841065,46;0;A ;N;NULL
352165;320269;SAQUETTO INDUSTRIA MECANICA LTDA;42735;1696548,267;Não;30267374,77;3606493,4;3419629,65;B ;1,977078707;0,220393082;3722865,68;31864,22;B ;N;NULL
352327;183773;IND. E COM. LATICINIOS VALE DOS BURITIS LTDA;42735;3511250,313;Não;81578596,33;9496444,96;6534170,35;A ;1,359332546;0,142043385;2305670;1256868,29;A ;N;NULL
353368;314749;NEXUS VIGILANCIA LTDA;42735;10157144,59;Não;63444663,81;29714997,94;10282332,45;A ;0,393500085;0,143973401;1784149,07;567153,91;A ;N;NULL
354686;357464;FAENZA PLANEJADOS LTDA;42735;132587,3;Não;39684006,61;-204449,17;2209147,22;C ;10,61187388;0,092578102;1385643,69;0;C ;N;NULL
357247;456473;MR MINERACAO LTDA;42735;4831721,593;Não;32635587;14495164,78;5814592;AA;0,000101437;2,81901E-05;0;0;AA;N;NULL
358715;188530;SUPERMERCADO LIDER COUTO LTDA;42735;1285718,723;Não;77080445,28;2202427,56;9665632,68;B ;4,462627304;0,058483575;3559675,09;45000;B ;N;NULL
358762;346163;CONSTRUTORA COWAN S/A;42735;18614000;Não;83380000;107386000;604927000;B ;1,19013066;0,623698729;21776642,61;4275000;B ;S;N
358952;33152;ROLIMAC ROLAMENTOS LTDA;42735;2416195,023;Não;42136451,67;6809925,689;9249515,87;B ;0,634006243;0,07629544;43080;106402,18;B ;N;NULL
359380;280100;ETROS ENGENHARIA LTDA.;42735;2491127,273;Não;32174692,26;2006666,71;7767265,16;B ;1,555491391;0,157678276;2744783,24;2107581,66;B ;N;NULL
360239;439030;TECNOFINK LTDA;42735;9639625,507;Não;31710930,39;28918876,52;6996631,37;AA;-0,376973219;8,82976E-05;0;4427253,44;AA;N;NULL
361820;800169;REGIONAL AGRO INSUMOS LTDA;43100;1087986,233;Não;32239737,85;2805456,01;4278281,39;C ;13,71487902;0,24541599;237430;0;C ;N;NULL
362131;66828;IND.COM. CAFE E QUEIJOS LELO LTDA;43100;4210206,6;Não;79777179,71;11824899,36;6582231,87;B ;1,652084496;0,183058913;9283044,44;0;B ;N;NULL
362463;340633;MASTERMAQ SOFTWARES BRASIL LTDA;42735;8619755,383;Não;60625000;25023644,72;500000;B ;-0,576169323;0;0;4410000;B ;S;S
363036;76675;SANKHYA JIVA TECNOLOGIA E INOVACAO LTDA;43100;2630328,333;Não;82659628;7890985;4959229;A ;-0,206848272;0,040884892;3237026,81;4750528;A ;N;NULL
363200;194481;VMI SISTEMAS DE SEGURANCA LTDA;43100;3756418,667;Não;65823468;9713418;36174603;AA;-0,302480241;0,021946246;514014,55;3764815;AA;N;NULL
363461;9336;MAXCOR INDUSTRIA DE ETIQUETAS LTDA;43100;8049690,31;Não;45908552,82;24149070,93;26253230,06;C ;0,466407358;0,147403252;2396210;1558,29;C ;N;NULL
363466;404549;SEVIMOL INDUSTRIA E COMERCIO DE FERRO E ACO L;43100;1005247,013;Não;63571553,96;2368406,27;11083807,23;D ;8,115703649;0,128070107;0;3363,42;D ;N;NULL
363804;426361;P & P DISTRIBUIDORA LTDA;43100;-108118,31;Não;58733171,2;-324354,93;1460724,17;B ;1,680328311;0,02426375;111460;290657,51;B ;N;NULL
363839;311137;SUPERFERTIL FERTILIZANTES LTDA;43100;505300,8067;Não;30228111,51;1515902,42;2925987,69;A ;0,646348227;0,053194524;382590;219227,46;A ;N;NULL
364091;516748;REAL GUINDASTES E EQUIPAMENTOS LTDA;43100;30735288,65;Não;83340007,01;6858131,94;85932224,21;AA;-0,181906501;0,123214892;10264110;17005938,85;AA;N;NULL
364118;410733;TRANSREFER TRANSPORTE E LOGISTICA LTDA;43100;2258878,16;Não;39550301,61;1800846,74;1437128,66;C ;2,238884353;0,225975774;7424195,29;377037,87;C ;N;NULL
364609;8132;TAUA RESORT CAETE LTDA;43100;579040,7833;Não;42431507,33;1737122,35;20943211,55;C ;-0,495825171;0,002754086;0;1037563,73;C ;N;NULL
364913;496530;SUPER GLOBO QUIMICA LTDA - EPP;43100;464511,54;Não;62891590,18;-917062,35;-3390683,92;C ;0,934165684;0,08537628;63380;183121,36;C ;N;NULL
365510;33055;CLAMPER INDUSTRIA E COMERCIO S/A;42735;4676000;Não;38038000;9593000;8368660;NULL;1,557638857;0,358834324;8312974,04;20000;NULL;S;
365627;1415;EXPRESSO ALVORADA LTDA;43100;1697023,633;Não;31423178,81;-163760,48;4137800,27;C ;1,881577461;0,115047766;2743761,26;9897,05;C ;N;NULL
365705;326679;COOPERATIVA AGROPECUARIA DE IPANEMA LTDA;43100;2267754,987;Não;67883734,32;6803264,96;18889548,73;D ;1,612100065;0,269780529;2814030;1277418,66;D ;N;NULL
365730;437829;MARCA AGRO MERCANTIL LTDA;43100;1694595,653;Não;72385007,49;4560490,75;5109704,04;C ;-24,59424594;0,269261698;6721697,27;0;C ;N;NULL
365755;619790;MOURA DIAS PARTICIPACOES LTDA;43100;688202,8;Não;32420259,09;1228559,09;2031865,83;AA;0,410611007;0,088860487;40900;1296223,39;AA;N;NULL
365961;404549;SEVIMOL INDUSTRIA E COMERCIO DE FERRO E ACO L;43100;1005247,013;Não;63571553,96;2368406,27;11083807,23;D ;8,115703649;0,128070107;0;3363,42;D ;N;NULL
366463;381915;LIDER MINAS INDUSTRIA E COMERCIO DE PRODUTOS;43100;4443138,753;Não;68334001,78;12607975,19;9752969,95;A ;0,137784043;0,016026721;1063780;0;A ;N;NULL
366553;29653;UNOCANN TUBOS E CONEXOES LTDA;42735;2137614,107;Não;35032655,71;3737405,16;17158183,8;C ;2,849077046;0,184219978;2264246,85;0;C ;N;NULL
366606;179562;REFRIGERANTES ITAMONTE LTDA;43100;1097183,98;Não;49335110,65;1157172,57;3185827,98;D ;6,462221752;0,144760014;348570;45686,36;D ;N;NULL
366648;507860;CAFE BRASIL IND. COM. .EXPORT. LTDA;43100;7697599,967;Não;56006600,42;19426608,39;7271936,17;D ;1,406384229;0,474447472;6427487,24;1276486,82;D ;N;NULL
366729;184076;TECNOTEXTIL CONFECCOES LTDA;43100;12666143,19;Não;63664645,94;37998429,56;18411604,12;AA;-0,419212829;0,001708641;94890;7939997,97;AA;N;NULL
367033;188530;SUPERMERCADO LIDER COUTO LTDA;42735;1285718,723;Não;77080445,28;2202427,56;9665632,68;B ;4,462627304;0,058483575;3559675,09;45000;B ;N;NULL
367381;624394;TRANSPORTES NIQUINI LTDA;43100;1633963,28;Não;38635853,23;730004,31;2540345,27;D ;1,256802478;0,112918692;1759691,67;0;D ;N;NULL
367393;250345;DRIVE A INFORMATICA LTDA;43100;179391,42;Não;41788102,21;438125,25;11702009,82;AA;-2,200310973;0,000395567;7830;6594597,77;AA;N;NULL
367411;315600;FABRICA MINEIRA DE ELETRODOS E SOLDAS DENVER;43100;466668,6667;Não;51565236;-262880;7477155;D ;2,79882457;0,149728201;4160113,13;50275;D ;S;N
367671;209496;EMP.BRAS.ENG.COM.SA EBEC;42735;18989451;Não;50265552;13022454;59091637;B ;-0,529001073;0,190870678;Não possui balanço cadastrado;21570206;B ;N;NULL
367828;704364;RECOL REVENDEDOR DE PETR COLONIAL LTDA;43100;773393,9667;Não;45852813,65;2199087,38;1105445;C ;0,71619408;0,038072691;555480;0;C ;N;NULL
368279;522384;SEMEP LOGISTICA E CONSTRUCAO LTDA;43100;6378967,763;Não;59563731,52;7961229,16;24192738,45;D ;1,63234878;0,35687057;17270320;10153,08;D ;N;NULL
368349;2933;PAPI TEXTIL LTDA;43100;396761,519;Não;53888291,39;606811,687;6656495,78;C ;4,196536192;0,2692448;3626378,92;6000,08;C ;N;NULL
368796;381254;SANTANA PRODUTOS SIDERURGICOS LTDA;43100;1322147,373;Não;80969288,29;2440221,07;12727389,59;D ;2,673474485;0,129046213;1869590;35206,5;D ;N;NULL
368799;187645;LUPA TECNOLOGIA E SISTEMAS LTDA;43100;178223,9667;Não;34098958;411176,82;3938414;D ;0,155479296;0,079319257;636764,13;2198806;D ;N;NULL
368851;202059;COOP DOS EMPRESARIOS RURAIS DO TRIANGULO MINE;43100;1098380,39;Não;57017451,78;774437,39;11623880,73;A ;9,618371219;0,275640857;435030;2301116,59;A ;S;N
369194;30834;MAQUINE EMPREENDIMENTOS S.A.;43100;1749672,333;Não;38751821;-143510;16493431;C ;1,53435621;0,201420651;7756683,28;3567005;C ;S;N
369380;10955;MANSER MANUTENCAO SERVICOS E ENGENHARIA S/A;43100;1284195,773;Não;35425301,95;1235593,68;18327965,3;A ;1,304703127;0,148068021;270280;6374,85;A ;N;NULL
369675;619770;COMERCIO DE BEBIDAS MARRA LTDA;43100;923663,74;Não;40661934,67;1454084,76;1378947,36;A ;1,008695376;0,065115205;1576380;1149945,3;A ;N;NULL
369696;340784;SAO DIMAS TRANSPORTES LTDA;42735;-147892,56;Não;39270809,04;-1243572,89;4018114,18;D ;8,996464617;0,581541877;9754382,63;365509,37;D ;N;NULL
369702;329077;COOPERATIVA DOS CAFEICULTORES DO CERRADO DE A;43100;-241333,3333;Não;64189000;-3446000;17641000;D ;12,2045264;0,564941034;5351480;7143000;D ;S;N
370331;3093;ABC ARTEFATOS DE BORRACHA COELHO LTDA;43100;1150308,707;Não;41851578,79;452840,51;8256283,11;C ;4,79526919;0,201336308;3733565,16;0;C ;N;NULL
370428;294922;RACOES RGL INDUSTRIA E COMERCIO LTDA;43100;2334040,77;Não;77408839,06;4512040,62;11968113,53;D ;1,783809664;0,130308748;430480;11849,86;D ;N;NULL
370546;183753;COOPERATIVA DE LATICINIOS VALE DO MUCURI LTDA;43100;916905,7133;Não;74074814,03;1866221,66;13613926,67;B ;1,393265514;0,067316943;2906446,07;1053835,84;B ;N;NULL
370784;507860;CAFE BRASIL IND. COM. .EXPORT. LTDA;43100;7697599,967;Não;56006600,42;19426608,39;7271936,17;D ;1,406384229;0,474447472;6427487,24;1276486,82;D ;N;NULL
370849;739363;CULTURA AGRONEGOCIOS LTDA;43100;13328,3333;Não;66356347;-1472320;-388267;D ;-77,61222271;0,320181459;5896761,2;327172;D ;S;N
370857;435892;CULTURA PRODUTOS AGRICOLAS LTDA;43100;830399,36;Não;69759073,16;2351595,97;306333,29;D ;4,19553769;0,287680117;2513681,91;592119,01;D ;N;NULL
370867;457174;FULIARO SUPERMERCADOS LTDA;43100;673146,14;Não;46894916,56;1644048,59;2043556,11;AA;0,019004953;0,00608976;245510;260574,67;AA;N;NULL
371009;909372;LEGAL INDUSTRIA E COMERCIO DE EMBALAGENS LTDA;43100;784994,53;Não;40605377,73;148671,91;2217683,64;D ;0,356190244;0,022385212;830550;357669,57;D ;N;NULL
371109;170882;TEIXEIRA E CHAVES LTDA;43100;1726362,017;Não;70541270,56;4586948,2;18123176,18;D ;1,731212974;0,139029183;5703280,07;1008080,79;D ;N;NULL
371194;147192;HPF SURGICAL LTDA.;43100;6149423,07;Não;47352552,89;17881768,3;28898198,58;AA;-0,596465538;0,000279182;0;4447428,33;AA;N;NULL
371407;523073;MONTEPETRO DERIVADOS DE PETROLEO LTDA;43100;149072,6433;Não;79012053,54;379684,82;875458,45;D ;4,035301098;0,053735472;0;0;D ;N;NULL
371516;382224;FACIROLLI COMERCIO E REPRESENTACOES LTDA;43100;1683817,753;Não;72393239,03;4502439,95;5543275,16;D ;3,735331309;0,170995941;2345727,9;1514748,19;D ;N;NULL
371669;5415;GECAL INDUSTRIA E COMERCIO DE PRODUTOS MINERA;43100;10216201,51;Não;63489457,17;22563846,75;39534749,06;B ;0,692672276;0,218579027;10908058,37;1850003,17;B ;N;NULL
371724;408720;BEMISA HOLDING S.A.;43100;-18560000;Não;54700000;-64276000;142076000;D ;-0,972749258;0,80345521;Não possui balanço cadastrado;4933000;D ;S;N
372868;4025;ENGETRON ENGENHARIA ELETRONICA IND COM LTDA;43100;2813659,347;Não;45080554,32;6889831,81;16993003,47;B ;-0,307282069;0,028346368;1277220;2515414,16;B ;N;NULL
372926;686156;OLGA ALUMINIO LTDA.;43100;12139085,33;Não;83491414;33244498;35244501;D ;1,120347697;0,216357684;2606210;0;D ;N;NULL
373457;112241;QUEIROZ E CASTRO LTDA;43100;451783,0233;Não;66497832,31;348750,31;2507345,67;D ;0,867329968;0,022736531;237820;0;D ;N;NULL
373688;686156;OLGA ALUMINIO LTDA.;43100;12139085,33;Não;83491414;33244498;35244501;D ;1,120347697;0,216357684;2606210;0;D ;N;NULL
374172;446944;@ FESTAS EIRELI;43100;638528,7433;Não;56705691,13;1915586,23;1487662,18;C ;3,250282495;0,0531303;0;29154,04;C ;N;NULL
374541;320269;SAQUETTO INDUSTRIA MECANICA LTDA;43100;1476553,427;Não;30570136,05;3406376,14;5990725,68;C ;1,162208892;0,174059415;3836228,3;726541,49;C ;N;NULL
374602;538497;VALE D OURO IMPORTACAO & EXPORTACAO S/A;43100;5010159,077;Não;50023034,12;14037784,79;28550699;B ;-2,591064901;0,029635095;1259040;20143715,79;B ;N;NULL
374604;31842;EMALTO INDUSTRIA MECANICA LTDA;43100;4125317,073;Não;51346137;5658409,22;50566249;A ;41,45220155;0,540090776;24965970;13983828;A ;S;N
374605;419259;DISTRIBUIDORA DE VIDROS MURIAE LTDA;43100;-1665476,593;Não;50534025,63;-7425422,97;-4876213,41;D ;-4,010692643;0,116790023;1150061,03;485,91;D ;N;NULL
374607;249901;LATICINIOS MONTE CELESTE LTDA -EPP;43100;3479786,047;Não;80044064,86;9870099,68;8649868,76;B ;0,385163576;0,055302437;3251112,94;304846,31;B ;N;NULL
374713;282746;HOSPITAL E MATERNIDADE SANTA CLARA LTDA;43100;4874987,667;Não;88292633;11018443;44915123;B ;-0,628549441;0,032180601;2674240;6541216;B ;S;N
374986;464561;LATARINI & PERES LTDA;43100;2030502,75;Não;58889694,52;495866,81;5606151,61;A ;1,560510316;0,097495157;1875960,8;248576,45;A ;N;NULL
374987;241168;IMBALLAGGIO LTDA;43100;1532927,95;Não;54542582,39;2601107,56;3750668,34;C ;1,624678513;0,096564001;2516027,12;0;C ;N;NULL
375386;186855;LAGOS INDUSTRIA QUIMICA LTDA;43100;9797252,213;Não;67459736,31;22551075,2;24487642,4;B ;0,08122109;0,069623967;79890;3907313,92;B ;N;NULL
376166;353437;PIXEL TI IND. COM.PROD. ELETRONICOS LTDA;43100;874655,4233;Não;60474603,05;1995069,23;946201,79;D ;2,811256647;0,067789931;2507711,6;26308,32;D ;N;NULL
376182;194550;LABORATORIO GLOBO LTDA;43100;4265898,08;Não;70119730,69;2486681,24;62114636,62;D ;1,035638394;0,114378505;4090724,76;873315,11;D ;N;NULL
376263;403326;CASA DE SAUDE E MATERNIDADE NS DE FATIMA S/A;43100;4777955,06;Não;76562735,41;9937210,32;12365661,44;D ;0,631017393;0,101595902;174610;0;D ;N;NULL
376635;298089;HIDRAU MAQUINAS MANGUEIRAS E CONEXOES LTDA;43100;3256812,46;Não;32513695,72;9183596,46;13529671,77;AA;1,504746495;0,307718325;5511347,31;93458,69;AA;N;NULL
376752;743326;ARAUNAH EMPREENDIMENTOS E PARTICIPACOES LTDA;43100;7710733,667;Não;51934000;19016246;8435000;C ;-10,71289776;0,420437478;Não possui balanço cadastrado;1160500;C ;S;N
376829;302876;COMERCIAL SOARES & FREITAS LTDA;43100;1401451,32;Não;43424626,66;3815474,54;3665169,19;D ;1,401014336;0,126116989;371510;0;D ;N;NULL
376830;131718;JUVENIL SUPERMERCADOS EIRELI;43100;2865109,993;Não;40049660,26;7058906,6;12175532,08;D ;1,106548263;0,183993507;4928855,18;0;D ;N;NULL
377110;366354;TACOM PROJETOS DE BILHETAGEM INTELIGENTE LTDA;43100;5418417,06;Não;31847030,79;64872433,34;29427608,62;B ;-0,673819815;0,034261288;6152332,68;5095812,57;B ;N;NULL
377349;313;LABTEST DIAGNOSTICA S/A;43100;4426333,333;Não;65589000;1801000;33103000;D ;0,985110931;0,220204607;4997420;1078000;D ;S;S
377593;299517;SUPERMERCADO PEIXOTO E FILHOS LTDA;43100;1105302,667;Não;84261712;2262202;6725520;A ;1,184482773;0,027565901;1393810;123432;A ;N;NULL
377791;261675;SUPREMA SERVICOS INDUSTRIAIS LTDA;43100;7858339;Não;53437318;13743186;22369472;D ;1,933046918;0,379168169;11395110,96;0;D ;N;NULL
377799;886250;DELO INDUSTRIA E COMERCIO LTDA;43100;1073991,92;Não;80518089,63;1742089,02;15013093,84;D ;7,156170373;0,328176477;15399520;0;D ;N;NULL
377828;460809;SUPERMERCADO 5 IRMAOS LTDA;43100;2174065,567;Não;59090771,75;5771684,71;16356058,15;AA;0,208827002;0,0329246;1945537,56;717530,86;AA;N;NULL
378038;238520;VILASA CONSTRUTORA LTDA;43100;13197309,85;Não;83487755,99;25347339,64;64060280,96;C ;1,420753779;0,410672784;22290147,53;12280552,46;C ;N;NULL
378223;452074;VALORIZA AGRONEGOCIOS EIRELI;43100;7087898;Não;79328249;16180566;12875867;NULL;13,94663239;0,273869401;5272810;3435255;NULL;S;
378236;456473;MR MINERACAO LTDA;43100;7207774,667;Não;32819173;21623324;5604234;A ;0,294505774;0,06260822;0;0;A ;N;NULL
378536;179353;PARAGUACU TEXTIL LTDA;43100;15719369,03;Não;75556637,75;40296611,16;106005168,2;C ;0,105306868;0,027284787;1385455,58;0;C ;N;NULL
378547;411858;SA GONDOLAS DE ACO LTDA;43100;4094279,513;Não;78266722,83;8564476,24;44128001,05;AA;0,745877775;0,091832387;4032163,4;3196842,05;AA;N;NULL
378600;130738;LM - CAME INDUSTRIA E COMERCIO LTDA;43100;5565151,667;Não;63212667;16695455;17191737,73;C ;1,376334868;0,243332771;5446220;0;C ;N;NULL
378601;2933;PAPI TEXTIL LTDA;43100;396761,519;Não;53888291,39;606811,687;6656495,78;C ;4,196536192;0,2692448;3626378,92;6000,08;C ;N;NULL
378709;309814;POWERPC COM. EQUIP. INFORMATICA LTDA;43100;591795,5867;Não;81794828,69;1545405,86;945121,67;AA;2,294714143;0,077429223;1098470;269590,11;AA;N;NULL
379369;410552;ILUSTRE DISTRIBUIDOR ATACADISTA LTDA - ME;43100;670800,23;Não;53504288,18;1490191,98;7154787,94;AA;2,51509571;0,064331827;3441986,36;542284,54;AA;N;NULL
379436;877235;LEAPHAR LOCADORA DE VEICULOS EIRELI;43100;488540,64;Não;49652207,75;540078,59;2288834,78;D ;-1,079020745;0,011405132;283690;2032158,5;D ;N;NULL
379639;183801;LATICINIOS VITORIA LTDA;43100;2837394,673;Não;49688922,76;8206755,72;18570929,12;B ;-0,950635126;0,022245183;691390;5383837,48;B ;N;NULL
379650;269512;SUPERMERCADO PILAR LTDA;43100;2382889,573;Não;67379150,37;11197192,8;12711131,57;AA;0,066229608;0,004847197;268240;27810,55;AA;N;NULL
379667;209496;EMP.BRAS.ENG.COM.SA EBEC;43100;17744542,33;Não;46261362;10174755;62566526;B ;-1,086333822;0,132198659;1498330;25417061;B ;S;N
379965;982195;VELOSO GREEN COFFEE EXPORTACAO LTDA;43100;2438494,613;Não;89704885,61;6994269,3;10652603;D ;5,30841102;0,402935669;130860;0;D ;N;NULL
380041;500046;POSTO CAXUXA II LTDA;43100;434649,9933;Não;49286669,8;900722,75;357159,06;C ;0,426033063;0,011525632;0;48349,04;C ;N;NULL
380062;277614;UNIAO COMERCIAL BARAO S/A LOC EMPREENDIMENTOS;43100;24574032,33;Não;70632357;-1857589;23580671;C ;1,429432271;0,446807261;30494540;0;C ;N;NULL
380376;277807;MINERACAO JOAO VAZ SOBRINHO LTDA;43100;11915915,96;Não;61853447,77;30222609,06;40871686,53;A ;-0,912093065;0,007433552;453780;20421993,97;A ;N;NULL
380498;355173;EPO PARTICIPACOES S/A;43100;18333582,67;Não;61086749;53770142;191072746;D ;4,763484008;0,787975523;Não possui balanço cadastrado;0;D ;N;NULL
380598;460353;COOP. CAFEIC. CONC. RIO VERDE E REG. LTDA;43100;1199151,13;Não;47330466,77;3597453,39;295153,13;B ;-0,228485083;0,013150515;622420,28;1150189,67;B ;N;NULL
380708;411050;DIVIGULA DISTRIBUIDORA LTDA;43100;715255,05;Não;32458140,54;1692891,37;1195163,74;AA;2,145873195;0,046152675;53880;0;AA;N;NULL
380748;556216;AKAZZO INDUSTRIA DE CALCADOS LTDA;43100;5862357,137;Não;34351018,43;17587071,41;17613092;C ;-0,359083361;0,005431571;186580;2316648,2;C ;N;NULL
380875;177808;SUPERMERCADO DO IRMAO LTDA;43100;2677459,833;Não;79283644,35;5641808,5;10390551,66;A ;1,936865399;0,140722088;5377281,17;0;A ;N;NULL
380906;30359;MODULO EMBALAGENS INDUSTRIA E COMERCIO LTDA;43100;1046467,817;Não;36876505,36;1176377,45;5284130,85;B ;0,741672123;0,045277392;492483,97;0;B ;N;NULL
381073;182148;COMERCIAL PENA E LOPES LTDA;43100;592792;Não;30427942;380569;4644513;AA;0,585010556;0,039551804;214059,13;688074;AA;N;NULL
381282;531453;SUPERMERCADO TEJOTAO DE ARAGUARI LTDA;43100;2246139,163;Não;58171406,16;5232817,03;3447968,18;C ;0,309945344;0,019438588;302320;1000;C ;N;NULL
381458;563;COMPANHIA FABRIL MASCARENHAS;43100;5983333,333;Não;70368000;15698000;22086000;B ;0,469376454;0,120452478;6684443,18;0;B ;N;NULL
381652;171450;MED CENTER COMERCIAL LTDA;43100;379528,7;Não;38790959,47;857081,44;5535943,06;A ;2,441091696;0,108374221;1392580;235117,87;A ;N;NULL
381840;5979;FABRICA DE TECIDOS SANTA MARGARIDA S/A;43100;830367,16;Não;30508126,12;-2095138,04;8727135,44;D ;4,447515539;0,118915203;2321440,89;943859,21;D ;N;NULL
382427;245463;FORNAC FUNDICAO DE ACOS ESPECIAIS LIMITADA;43100;2611273,363;Não;82778674,64;4129082,57;14933020,4;B ;1,705635942;0,130629054;3067080;219842,31;B ;N;NULL
382520;262806;AUTOPATOS CAMINHOES E ONIBUS LTDA;43100;-551551,0433;Não;33072250,52;-1808710,92;3391733,92;A ;8,381770824;0,160781317;769940;60088,14;A ;N;NULL
382783;531453;SUPERMERCADO TEJOTAO DE ARAGUARI LTDA;43100;2246139,163;Não;58171406,16;5232817,03;3447968,18;C ;0,309945344;0,019438588;302320;1000;C ;N;NULL
383291;215836;LATICINIOS CRUZILIENSE LTDA;43100;1560642,587;Não;54441312;2759492,57;941131;C ;1,405148036;0,134735732;829590;0;C ;N;NULL
383594;7606;VAMTEC LTDA;43100;-914006,6667;Não;32994145;-5010425;13794748;C ;-0,499050577;0,052725415;1739630,31;128031;C ;N;NULL
383614;338812;FESTCOLOR ARTIGOS DE FESTAS LTDA.;43100;7868433,617;Não;67285854,37;22273712,17;36103562,96;AA;0,098479568;0,072852539;4047011,54;3758860,02;AA;N;NULL
383883;2704;LEUCOTRON EQUIPAMENTOS LTDA;43100;2435185,443;Não;34050313;4720834,33;28629173,48;B ;-3,260109419;0,018001494;1418323,08;7900729;B ;S;N
384473;518168;COOP CONSUMO MORADORES REG. INCONFIDENTES LT;43100;236520,5967;Não;48172987,93;-1378523,67;4720334,52;B ;0,620461765;0,097428875;633070,75;2526020,95;B ;N;NULL
384814;994293;J.A.C INDUSTRIA E COMERCIO DE ALIMENTOS LTDA;43100;3685790,877;Não;30962844,08;8336735,12;6302086,66;C ;0,412843911;0,103438313;2057990;1371997,23;C ;N;NULL
385307;804259;ACERO AGRONEGOCIOS LTDA;43100;5558223,827;Não;40247031,95;15942009,09;21372988,96;A ;0,196500042;0,028814299;145880;99520,08;A ;N;NULL
385789;890446;W2 AGRONEGOCIOS LTDA;43100;4627042,33;Não;73559947,18;13881126,99;10299352,41;C ;2,2953796;0,162733355;2024450;6994752,26;C ;N;NULL
386002;986099;TOTAL COMERCIO INDUSTRIA DE CEREAIS EIRELI;43100;611042,3333;Não;44501061;1833127;843809;C ;0,219266051;0,00525583;110350;0;C ;N;NULL
386518;912132;CAC ENGENHARIA S/A;43100;13064920,33;Não;69884847;37396044;32278760;C ;0,673725802;0,110942305;692120;0;C ;N;NULL
386929;417456;FERMONTES COMERCIO LTDA;43100;530018,3067;Não;32658692,88;723435,71;2231112,45;AA;0,779553328;0,018747842;247670;18244,11;AA;N;NULL
387461;756969;PSP INTERMEDIACAO DE SERVICOS LTDA;43100;4147334,333;Não;31641677;10990555;2178597;B ;0,03442407;0,108560396;1587980;3223084;B ;S;N
389209;993816;TRANSVITA LTDA;43100;-134380,39;Não;33689756,6;-406041,17;-3842525,77;D ;9,279640073;0,157864898;187070;0;D ;N;NULL
389616;376006;COOP REG. DOS CAFEIC. VALE DO RIO VERDE LTDA;43100;2980899,657;Não;89757380;7515276,22;20214235;C ;10,39444115;0,465744432;7410209,82;4998947;C ;S;N
390261;383534;GLOBAL HOSPITALAR IMPORTACAO E COMERCIO LTDA;43100;2406208,39;Não;45369477,81;7034353,28;4663091,91;A ;2,464714497;0,076438173;65970;529975,56;A ;N;NULL
390519;627853;DIVISA DIVINOPOLIS VEICULOS LTDA;43100;591542,5867;Não;38649849,4;1221912,42;7341442,57;B ;6,707771157;0,326901903;4518814,74;3463056,23;B ;N;NULL
390782;329077;COOPERATIVA DOS CAFEICULTORES DO CERRADO DE A;43100;-241333,3333;Não;64189000;-3446000;17641000;D ;12,2045264;0,564941034;5351480;7143000;D ;S;N
391246;306254;BIOLOGISTICA SOLUCOES EM LOGISTICA E SERVICOS;43100;6731113,617;Não;31096576,4;19839903,89;7295389,83;B ;-0,428854035;0,045833663;1323801,93;4363459,54;B ;N;NULL
391612;399834;UNIMED DE SAO LOURENCO COOP. TRAB. MEDICO;43100;2526480,667;Não;68207077;7518644;16160754;A ;-2,423581098;0,005530511;0;6754847;A ;S;N
394333;1685;ENGEFRIL INDUSTRIA E COMERCIO LTDA;43100;72335,7067;Não;54856128,58;-3913520,17;14118851,88;C ;5,256207354;0,128700253;252570;0;C ;N;NULL
397663;508314;VENTURE VEICULOS LTDA;43100;431236,22;Não;32172594,72;334089,05;6540598,6;A ;8,844231159;0,150799463;46410;688762,88;A ;N;NULL
399244;452268;GERENCIANET PAGAMENTOS DO BRASIL LTDA;43100;4094333,333;Não;38664613;10751146;9266227;A ;-3,031125521;0,000835389;0;36584579;A ;S;N
399379;287068;ENDOLATINA COMÉRCIO E REPRESENTAÇÕES LTDA.;43100;8759154,863;Não;35966136,54;25095249,59;49430951,36;AA;0,274598472;0,133852481;2003579,37;1140583,19;AA;N;NULL
400681;779829;EBES SISTEMAS DE ENERGIA SA;43100;-10170878,33;Não;50391767;-31921631;55267660;C ;-1,430737445;0,498091305;0;51330259;C ;S;S
402364;448026;OLIVEIRA JUNIOR AGRO COMERCIAL INDUSTRIAL EIR;43100;-1192961,16;Não;58469007,88;-3578883,48;-9941565,57;C ;-0,066788449;0,006724515;73060;9840,59;C ;N;NULL
402707;196023;FRIGORIFICO SABOR DE MINAS LTDA;43100;5932141,85;Não;81391451,61;15390079,73;17722277,26;B ;0,137957596;0,011004964;895710;0;B ;N;NULL
406489;321458;CENTERFRIO DISTRIBUIDORA DE PRODUTOS ALIMENTI;43100;1442556,947;Não;36937277,31;3721783,84;3839128,96;AA;0,519639911;0,027453957;949487,16;433372,62;AA;N;NULL
407530;626552;SIGMA ACO TUBOS E PERFILADOS LTDA;43100;2221212,483;Não;46551896,82;3545212,03;19150773,85;C ;0,363830232;0,03281993;1003234,04;492515,7;C ;N;NULL
407942;622742;SUPERMERCADO PERIGOLO LTDA;43100;480077,2433;Não;38571979,32;1348116,54;1491230,32;A ;2,356388947;0,075532292;1892494,19;12179,41;A ;N;NULL
408311;241168;IMBALLAGGIO LTDA;43465;1692902,65;Não;52623496,95;3110607,59;5117191,87;C ;3,215234342;0,133799286;4402091;0;C ;N;NULL
408745;311137;SUPERFERTIL FERTILIZANTES LTDA;43465;723050,9233;Não;42252285,54;2014196,38;3034435,02;C ;1,282713498;0,070050175;1811950;29980,97;C ;N;NULL
408976;5979;FABRICA DE TECIDOS SANTA MARGARIDA S/A;43465;1009544,1;Não;34116753,48;-1337306,75;9124798,29;C ;1,880285107;0,151018473;2979415,97;690522,5;C ;N;NULL
409430;33055;CLAMPER INDUSTRIA E COMERCIO S/A;43100;7626680,667;Não;64986241;19734473;19086112;NULL;1,311794513;0,309495821;6032701,1;0;NULL;S;
409553;66828;IND.COM. CAFE E QUEIJOS LELO LTDA;43100;4210206,6;Não;79777179,71;11824899,36;6582231,87;B ;1,652084496;0,183058913;9283044,44;0;B ;N;NULL
409886;32962;VIACAO SANDRA LTDA;43465;3300927,433;Não;35267722,35;3535704,54;15706525,53;C ;0,059342766;0,007202512;254060;0;C ;N;NULL
410000;245463;FORNAC FUNDICAO DE ACOS ESPECIAIS LIMITADA;43465;3894633,897;Não;88145224,25;7910325,4;17697137,59;C ;1,811402154;0,147118351;3990580;0;C ;N;NULL
410145;1030249;UNIMED ITABIRA COOPERATIVA DE TRABALHO MEDICO;43465;2461642,197;Não;54576288,26;7169474,43;17767087,56;A ;-1,126238796;0;Não possui balanço cadastrado;5820457,89;A ;N;NULL
411163;194550;LABORATORIO GLOBO LTDA;43465;4829681,727;Não;84220119,01;3910551,65;62426205,59;C ;0,58505577;0,069020206;3260520;1020509,75;C ;N;NULL
411284;54809;SQUADRA TECNOLOGIA S/A;43465;4558028;Não;63638527;12633609;25251153;AA;-0,217347006;0,091649623;5640200;6935530;AA;S;N
411393;436481;CONDUTEC INDUSTRIA DE MATERIAIS FERROVIARIOS;43465;4126771,46;Não;57331368,69;10266729,22;13744041,47;C ;1,111938042;0,112338624;1926050;20583,36;C ;N;NULL
411557;507860;CAFE BRASIL IND. COM. .EXPORT. LTDA;43465;8482396,22;Não;76874817,53;21734572,94;988768,58;D ;2,141005503;0,485179428;4842861,86;789428,43;D ;N;NULL
412525;410733;TRANSREFER TRANSPORTE E LOGISTICA LTDA;43100;2258878,16;Não;39550301,61;1800846,74;1437128,66;C ;2,238884353;0,225975774;7424195,29;377037,87;C ;N;NULL
412639;33152;ROLIMAC ROLAMENTOS LTDA;43100;2784865,41;Não;46330872,6;7696628,019;11838354,03;AA;0,675155568;0,068014041;99030;489596,44;AA;N;NULL
413439;313;LABTEST DIAGNOSTICA S/A;43465;9233666,667;Não;63402000;16534000;38864000;C ;0,524670066;0,126431343;3572620;1019000;C ;S;S
413455;309814;POWERPC COM. EQUIP. INFORMATICA LTDA;43465;808860,05;Não;89885018,89;2199943,74;1690963,33;AA;5,926479578;0,154082518;2217510;187730,35;AA;N;NULL
413540;464561;LATARINI & PERES LTDA;43465;3531021,54;Não;62373649,75;536438,6;6315248,42;A ;1,288960216;0,116512021;860547,25;235225,68;A ;N;NULL
413599;125854;EMPRESAS GOMES LTDA;43465;400169,9333;Não;54082607,25;893870,03;5260322,34;AA;1,880792391;0,085216135;306090;241796,87;AA;N;NULL
413643;1035231;ENCAIXE EMPRESA DE TRANSPORTES LTDA;43465;2582745,52;Não;63143997,57;3305807,82;4165151,41;D ;0,649310187;0,048629325;2347460;28000;D ;N;NULL
413644;378603;INDEPE - INHAPIM DERIVADOS DE PETROLEO LTDA;43465;2259493,907;Não;45838581,39;5273538,23;6144841,31;A ;1,95326841;0,122607058;2910316,32;0;A ;N;NULL
413651;8422;LAMIL LAGE MINERIOS LTDA;43465;4050333,333;Não;40157000;7118000;16088000;B ;-0,193857965;0,015588814;Não possui balanço cadastrado;1939000;B ;S;N
414390;179353;PARAGUACU TEXTIL LTDA;43465;16890948,93;Não;69594564,16;42428804,77;122411907,2;B ;0,144073109;0,025012677;1026650;0;B ;N;NULL
414975;202059;COOP DOS EMPRESARIOS RURAIS DO TRIANGULO MINE;43465;1136943,327;Não;64520973,16;1356899,98;12259767,71;AA;41,95969832;0,274269727;2768160;4288357,33;AA;S;N
415251;282761;ENSEL ENGENHARIA E SERVICOS ESPECIAIS LTDA;43465;835795,7033;Não;31687640,36;429684,38;3416388,47;D ;3,710112011;0,364227634;2264924,14;0;D ;N;NULL
415901;325585;AP FRIGORIFICO LTDA -ME;43465;497498,7567;Não;38520629,81;1049635,72;740499,36;B ;2,444747261;0,057500647;1152480;277773,07;B ;N;NULL
416197;327303;COMERCIAL SV LTDA;43465;1631777,53;Não;59420055,68;2917378,78;3601353,22;A ;0,630929008;0,025291124;572680;0;A ;N;NULL
416220;1379;INCOMFRAL INDUSTRIA E COMERCIO DE FRALDAS LTD;43465;5105223,077;Não;81261066,08;10034302,4;29388709,66;B ;-0,367031195;0,00023123;0;3690602,58;B ;N;NULL
416228;69749;SP QUEIROZ COMERCIO E INDUSTRIA LTDA;43465;1682839,06;Não;65511631,28;1933130,83;1450901,24;D ;2,440176023;0,253389003;4083712,51;834526,13;D ;N;NULL
416434;238798;BEST PULP BRASIL LTDA.;43465;6027630,56;Não;35188866,17;17614384,24;30633608,99;B ;0,057955368;0,043372316;1029490;1188640,32;B ;N;NULL
416490;619790;MOURA DIAS PARTICIPACOES LTDA;43465;1396803,487;Não;32156057,17;2970505,03;3189499,73;AA;1,952443028;0,140803332;Não possui balanço cadastrado;405805,79;AA;N;NULL
416516;140722;PNEUS UBERLANDIA LTDA;43465;3756859,667;Não;52161457;10559427;7820750;A ;4,507381749;0,406263096;1103620;0;A ;N;NULL
416743;288297;COOP. PROD. LEITE DE IRAI DE MINAS LTDA;43465;525072,3333;Não;46087517;1070016;4228523;D ;-3,205537878;0,041094859;55650;0;D ;S;N
416756;566271;IRMAOS LIMA LTDA;43465;661285,1467;Não;59581187,48;1983855,44;5932187,8;B ;1,304739436;0,100095185;21810;242943,08;B ;N;NULL
416951;423004;RAPIDO MAXEXPRESS LTDA;43465;4604706,613;Não;71423406,51;112640,59;17585784,21;D ;7,434977847;0,215368753;10551600,25;1099466,55;D ;N;NULL
417154;329077;COOPERATIVA DOS CAFEICULTORES DO CERRADO DE A;43465;1074666,667;Não;60736000;-717000;17714000;C ;13,84500978;0,63158588;2238990;2986000;C ;S;N
417309;229649;COMERCIAL ELETRO FONTE LTDA;43465;3192327,663;Não;35939593,95;9308726,76;48466,45;C ;1,238474917;0,159895796;2052730;271879,18;C ;N;NULL
417439;320269;SAQUETTO INDUSTRIA MECANICA LTDA;43465;1658913,747;Não;36584776,47;4476107,93;6588479,1;C ;1,577187086;0,150712961;2687726,27;0;C ;N;NULL
417522;739363;CULTURA AGRONEGOCIOS LTDA;43465;56702;Não;73605501;-1388930;1659464;C ;4,780625361;0,185646709;3470100,6;1688923;C ;N;NULL
417729;170882;TEIXEIRA E CHAVES LTDA;43465;1708014,487;Não;77217032,97;4493149,3;18918785,44;C ;1,480509557;0,105780159;3357529,84;1928714,96;C ;N;NULL
417824;1042538;PRODAP PARTICIPACOES S/A;43465;8348302,333;Não;50758570;23531894;13415335;A ;-0,123930132;0,004539608;Não possui balanço cadastrado;1598312;A ;S;N
417872;187645;LUPA TECNOLOGIA E SISTEMAS LTDA;43465;420494,4667;Não;47052394,4;977194,09;3841861;C ;1,70991267;0,10686776;499685,13;1822984;C ;N;NULL
418991;184076;TECNOTEXTIL CONFECCOES LTDA;43465;14217756,62;Não;61995914,17;42653269,85;23609469,94;C ;-0,238302151;0,001588793;0;3887975,39;C ;N;NULL
418996;5415;GECAL INDUSTRIA E COMERCIO DE PRODUTOS MINERA;43465;12458473,35;Não;70915472,78;31772694,48;52119738,72;B ;0,37663481;0,147539266;9036702,57;4397680,21;B ;N;NULL
419248;984697;BANDEIRA LOGISTICA E EMPREENDIMENTOS EIRELI;43465;10134961,67;Não;88625399;29433539;36188500,2;AA;-0,055298443;0,027561986;Não possui balanço cadastrado;3500000;AA;N;NULL
419497;59987;NUTRIR REFEICOES LTDA;43465;3904557,177;Não;30396609,52;11713671,53;4958416,92;C ;-0,318289151;0;Não possui balanço cadastrado;1714154,85;C ;N;NULL
419585;382160;UNIMED TRES CORACOES COOPERATIVA DE TRABALHO;43465;1112325,333;Não;36949646;3336976;5192369;A ;-0,332674013;0,063878826;773080,06;3292916;A ;S;N
419911;538497;VALE D OURO IMPORTACAO & EXPORTACAO S/A;43465;5161043,33;Não;50631953,56;14491758,03;32567190,91;B ;-2,647691756;0,015585277;563470;20972543,89;B ;N;NULL
420282;347791;MIB - MINERACAO IBIRITE LTDA;43465;8904483,667;Não;68504584;15330614;39170888;C ;3,26387098;0,038868786;2662690,43;0;C ;N;NULL
420354;2933;PAPI TEXTIL LTDA;43465;842689,64;Não;58943051,74;1526068,92;8563137,15;D ;2,772125013;0,272404148;2641900,49;0;D ;N;NULL
420577;391189;FORTUCE & FORTUCE LTDA;43465;4378262;Não;65357544,11;4206368,64;5668553,5;B ;1,496369899;0,144133453;6346850;270772,13;B ;N;NULL
420845;326679;COOPERATIVA AGROPECUARIA DE IPANEMA LTDA;43465;2264523,143;Não;68192284,77;6793569,43;9586318,31;D ;4,658266586;0,27833281;4651550;132148,83;D ;N;NULL
421040;549603;TRILAT- LEITE & DERIVADOS LTDA;43465;3661195,333;Não;84660903;10605008;12255781;D ;2,583815047;0,117251336;3610810;0;D ;N;NULL
421213;317385;TORP INDUSTRIA TEXTIL LTDA;43465;3918754,277;Não;33418147,38;9360386,86;19130454,45;C ;0,161458257;0,036408661;131750;45603,74;C ;N;NULL
421355;315600;FABRICA MINEIRA DE ELETRODOS E SOLDAS DENVER;43465;1486387,667;Não;60804854;2686663;10288371;D ;6,751032019;0,171072198;3423690,07;54882;D ;S;N
421367;507046;JOSE ORLANDO DE MELO EPP;43465;7714373,737;Não;34711834,02;20978526,42;31092553,3;C ;-4,191717585;0,282855957;7788900;0;C ;N;NULL
421922;1034837;SANTA MARTA COMERCIO DE OVOS LTDA;43465;201638,7667;Não;30162376,18;-1766063,03;2016604,2;C ;-1,425943829;0,131598385;699940;62971,42;C ;N;NULL
422347;262751;BIOQUIMA COMERCIO & INDUSTRIA DE RACOES LTDA;43465;1485029,743;Não;58900345,76;3477208,14;3608776,15;D ;2,347198375;0,160484627;2660060;49333,91;D ;N;NULL
422689;546085;ELOAGRICOLA COMERCIO REPRESENTACAO LTDA;43465;1039319,017;Não;65334648,77;2331519,27;1087403,04;D ;5,706329324;0,299536775;1074720;307639,82;D ;N;NULL
424049;457174;FULIARO SUPERMERCADOS LTDA;43465;970831,7633;Não;47853370,09;2418894,89;2501546,59;AA;-0,155991626;0,003077782;135240;447111,61;AA;N;NULL
424573;549705;C & R PADARIA E SUPERMERCADOS LTDA;43465;3589365,65;Não;30774965,52;10485335;5023641,64;A ;0,197894544;0,02732042;179070;43312,86;A ;N;NULL
424827;374908;LATICINIO TAQUARI LTDA;43465;617843,2967;Não;76953128,22;22361,62;4071711,14;B ;-0,544654728;0,012873811;857590;1979841,71;B ;N;NULL
425435;381556;COOP AGROP IND CONS DE PARAOPEBA LTDA;43465;937466;Não;60300019,11;2564480,42;7517046,99;B ;1,903205458;0,059157361;57250;0;B ;N;NULL
426420;261497;DAMFI - DESTILARIA ANTONIO MONTI FILHO EIRELI;43465;20719902,61;Não;54450764,07;57194008,83;30459010,41;B ;-0,116964581;0,019603963;1057020;4178566,83;B ;N;NULL
426703;875428;CLINICA VERA CRUZ LTDA;43465;3073073,317;Não;48942914,94;8451676,95;2235729,54;D ;1,364785641;0,193672363;227840;0;D ;N;NULL
427783;387741;ALCANCE ENGENHARIA E CONSTRUCAO LTDA;43465;5761467,703;Não;69026111,07;17284403,11;32741488,95;C ;-1,326156023;0;Não possui balanço cadastrado;13368820,52;C ;N;NULL
428959;911730;SYAGRI AGRONEGOCIOS COMERCIO & REPRESENTACOES;43465;-997607,5133;Não;78270133,9;-3028446,33;2669300,59;C ;5,131396509;0,126877045;733440;0;C ;N;NULL
433568;284028;ROUXINOL VIAGENS E TURISMO LTDA.;43465;4390958,933;Não;61738333,02;4128383,5;48571322,83;D ;2,732700547;0,193521584;8936900;391927,2;D ;N;NULL
